id,name,model_id:id,group_id:id,perm_read,perm_write,perm_create,perm_unlink
access_service_station,service.station.request,model_service_station,rsa.group_station,1,1,1,0
access_service.request,service.request.request,model_service_request,rsa.group_user,1,1,1,0
access_customer_info,customer.info.request,model_customer_info,rsa.group_user,1,1,0,0
access_vehicle_info,vehicle.info.request,model_vehicle_info,rsa.group_user,1,1,1,0
access_service_history,service.history.request,model_service_history,rsa.group_user,1,0,0,0