<?xml version="1.0" encoding="UTF-8" ?>
<odoo>
    <record model="ir.module.category" id="user_management">
        <field name="name">Demo module access</field>
        <field name="description">User access level for this module</field>
        <field name="sequence">4</field>
    </record>

    <record id="group_user" model="res.groups">
     <field name="name">RSA User</field>
     <!--<field name="implied_ids" eval="[(4, ref('base.group_user'))]"/>-->
     <!--<field name="users" eval="[(4, ref('base.user_root'))]"/>-->
     <field name="category_id" ref="rsa.user_management"/>
    </record>

    <record id="group_station" model="res.groups">
     <field name="name">RSA Service Station</field>
     <!--<field name="implied_ids" eval="[(4, ref('base.group_station'))]"/>-->
     <!--<field name="users" eval="[(4, ref('base.user_root'))]"/>-->
     <field name="category_id" ref="rsa.user_management"/>
    </record>


</odoo>